{"cameraMode":{"drawMode":0,"name":"Shaded","section":"Shading Mode"},"sceneLighting":false,"audioPlay":false,"sceneViewState":{"showFog":true,"showMaterialUpdate":true,"showSkybox":false,"showFlares":true,"showImageEffects":true,"showParticleSystems":true},"in2DMode":false,"pivot":{"x":356.2067565917969,"y":11.28783130645752,"z":302.9770202636719},"rotation":{"x":0.15491874516010285,"y":-0.4931148588657379,"z":0.08973223716020584,"w":0.851342499256134},"size":12.936725616455079,"orthographic":false}