{"cameraMode":{"drawMode":0,"name":"Shaded","section":"Shading Mode"},"sceneLighting":true,"audioPlay":false,"sceneViewState":{"showFog":true,"showMaterialUpdate":false,"showSkybox":true,"showFlares":true,"showImageEffects":true,"showParticleSystems":true},"in2DMode":false,"pivot":{"x":610.7420654296875,"y":60.24342346191406,"z":539.7923583984375},"rotation":{"x":0.025580357760190965,"y":-0.9708437323570252,"z":0.205406054854393,"w":0.120904840528965},"size":211.75469970703126,"orthographic":true}